sport.id,sport.athlete_id,sport.name,sport.result,sport.points
1,1,aidat,21.3,254
2,2,aidat,21.6,234
3,3,aidat,25.8,38
4,4,aidat,0,0
5,5,aidat,21.8,221
6,6,aidat,20.7,296
7,7,aidat,21.8,221
8,8,aidat,19,432
1,1,pituus,5.45,472
2,2,pituus,4.7,326
3,3,pituus,4.2,239
4,4,pituus,4.28,252
5,5,pituus,5.17,416
6,6,pituus,4.5,291
7,7,pituus,4.71,328
8,8,pituus,5.31,443
1,1,kuula,8.36,389
2,2,kuula,8.44,392
3,3,kuula,9.06,430
4,4,kuula,8.8,414
5,5,kuula,8.9,420
6,6,kuula,9.09,432
7,7,kuula,7.73,351
8,8,kuula,9.04,428
1,1,satanen,13.9,327
2,2,satanen,13.7,356
3,3,satanen,14.9,197
4,4,satanen,13.6,372
5,5,satanen,13.5,387
6,6,satanen,13.9,327
7,7,satanen,14.3,272
8,8,satanen,13.5,387
1,1,korkeus,1.8,627
2,2,korkeus,1.55,426
3,3,korkeus,1.3,250
4,4,korkeus,1.4,318
5,5,korkeus,0,0
6,6,korkeus,1.35,283
7,7,korkeus,1.5,389
8,8,korkeus,1.5,389
1,1,seivas,2,140
2,2,seivas,1.14,9
3,3,seivas,1.14,9
4,4,seivas,1.14,9
5,5,seivas,1.14,9
6,6,seivas,1.14,9
7,7,seivas,1.34,32
8,8,seivas,2.2,179
1,1,neljasataa,69.5,148
2,2,neljasataa,61.7,357
3,3,neljasataa,104,0
4,4,neljasataa,73,82
5,5,neljasataa,71.1,116
6,6,neljasataa,65.7,240
7,7,neljasataa,67.5,194
8,8,neljasataa,63.8,293
1,1,kiekko,15.7,193
2,2,kiekko,22.65,322
3,3,kiekko,17.6,227
4,4,kiekko,23.7,342
5,5,kiekko,19.43,261
6,6,kiekko,26.6,398
7,7,kiekko,20.4,280
8,8,kiekko,27.35,413
1,1,keihas,31.5,320
2,2,keihas,32.9,340
3,3,keihas,25.9,242
4,4,keihas,34.4,362
5,5,keihas,31.5,320
6,6,keihas,29.8,296
7,7,keihas,25.8,241
8,8,keihas,31.3,318
1,1,tuhatviisisataa,376,203
2,2,tuhatviisisataa,291,613
3,3,tuhatviisisataa,0,0
4,4,tuhatviisisataa,0,0
5,5,tuhatviisisataa,0,0
6,6,tuhatviisisataa,372,217
7,7,tuhatviisisataa,365,244
8,8,tuhatviisisataa,357,276
9,9,aidat,21.4,247
10,10,aidat,20.4,318
11,11,aidat,21.7,227
12,12,aidat,25.1,60
13,13,aidat,20.5,311
14,14,aidat,19.7,373
15,15,aidat,21.5,240
16,16,aidat,20.8,289
17,17,aidat,20.9,282
18,18,aidat,17.9,534
9,9,pituus,0,0
10,10,pituus,5.51,483
11,11,pituus,4.83,350
12,12,pituus,4.2,239
13,13,pituus,5.2,421
14,14,pituus,5.5,481
15,15,pituus,4.42,276
16,16,pituus,4.99,380
17,17,pituus,4.96,375
18,18,pituus,5.9,565
9,9,kuula,7.66,346
10,10,kuula,7.92,362
11,11,kuula,8.01,367
12,12,kuula,8.66,406
13,13,kuula,9.05,429
14,14,kuula,9.16,435
15,15,kuula,8.99,425
16,16,kuula,8.34,386
17,17,kuula,8.18,377
18,18,kuula,10.31,504
9,9,satanen,0,0
10,10,satanen,14,312
11,11,satanen,13.8,341
12,12,satanen,15.3,153
13,13,satanen,13.5,387
14,14,satanen,12.5,556
15,15,satanen,13.8,341
16,16,satanen,13.9,327
17,17,satanen,13.6,371
18,18,satanen,12.3,593
9,9,korkeus,0,0
10,10,korkeus,1.7,544
11,11,korkeus,1.45,352
12,12,korkeus,1.35,283
13,13,korkeus,1.45,352
14,14,korkeus,1.5,389
15,15,korkeus,1.3,250
16,16,korkeus,1.55,426
17,17,korkeus,1.25,218
18,18,korkeus,1.5,389
9,9,seivas,0,0
10,10,seivas,2.2,179
11,11,seivas,1.14,9
12,12,seivas,1.14,9
13,13,seivas,1.54,61
14,14,seivas,1.74,93
15,15,seivas,1.14,9
16,16,seivas,2,140
17,17,seivas,0,0
18,18,seivas,2.2,179
9,9,neljasataa,0,0
10,10,neljasataa,68.6,168
11,11,neljasataa,58.7,458
12,12,neljasataa,88.5,0
13,13,neljasataa,71.8,102
14,14,neljasataa,69.6,146
15,15,neljasataa,65.7,240
16,16,neljasataa,62,348
17,17,neljasataa,69.4,150
18,18,neljasataa,60.2,406
9,9,kiekko,0,0
10,10,kiekko,15.39,187
11,11,kiekko,22.11,312
12,12,kiekko,17.33,222
13,13,kiekko,22.13,312
14,14,kiekko,20.36,279
15,15,kiekko,20.63,284
16,16,kiekko,22.15,313
17,17,kiekko,17.44,224
18,18,kiekko,26.24,391
9,9,keihas,0,0
10,10,keihas,31.23,317
11,11,keihas,30.22,302
12,12,keihas,25.15,232
13,13,keihas,35.18,373
14,14,keihas,37.02,399
15,15,keihas,29.59,293
16,16,keihas,28.85,283
17,17,keihas,28.14,273
18,18,keihas,46.09,531
9,9,tuhatviisisataa,0,0
10,10,tuhatviisisataa,391,152
11,11,tuhatviisisataa,277,695
12,12,tuhatviisisataa,469,2
13,13,tuhatviisisataa,418,77
14,14,tuhatviisisataa,361,258
15,15,tuhatviisisataa,369,226
16,16,tuhatviisisataa,342,341
17,17,tuhatviisisataa,407,105
18,18,tuhatviisisataa,332,387
19,19,aidat,23.5,126
20,20,aidat,21.2,261
21,21,aidat,24.7,74
22,22,aidat,0,0
23,23,aidat,20.2,334
24,24,aidat,20,349
25,25,aidat,21.1,267
26,26,aidat,20.5,311
27,27,aidat,22,208
28,28,aidat,21,274
29,29,aidat,18,524
19,19,pituus,4.45,281
20,20,pituus,4.98,378
21,21,pituus,4.11,224
22,22,pituus,0,0
23,23,pituus,5.03,388
24,24,pituus,5.6,502
25,25,pituus,4.39,271
26,26,pituus,5.23,427
27,27,pituus,4.21,240
28,28,pituus,4.98,378
29,29,pituus,5.7,523
19,19,kuula,6.88,300
20,20,kuula,8.25,381
21,21,kuula,9.33,445
22,22,kuula,7.42,332
23,23,kuula,8.98,425
24,24,kuula,8.52,397
25,25,kuula,9.56,459
26,26,kuula,8.2,378
27,27,kuula,7.99,366
28,28,kuula,9.46,453
29,29,kuula,8.47,394
19,19,satanen,14.6,233
20,20,satanen,13.8,341
21,21,satanen,14.8,208
22,22,satanen,0,0
23,23,satanen,13.3,418
24,24,satanen,12.9,485
25,25,satanen,13.6,371
26,26,satanen,13.6,371
27,27,satanen,14.5,245
28,28,satanen,12.9,485
29,29,satanen,12.4,574
19,19,korkeus,1.35,283
20,20,korkeus,1.45,352
21,21,korkeus,1.35,283
22,22,korkeus,0,0
23,23,korkeus,1.4,317
24,24,korkeus,1.5,389
25,25,korkeus,1.2,188
26,26,korkeus,1.55,426
27,27,korkeus,1.2,188
28,28,korkeus,1.5,389
29,29,korkeus,1.5,389
19,19,seivas,0,0
20,20,seivas,1.4,40
21,21,seivas,1.4,40
22,22,seivas,0,0
23,23,seivas,1.4,40
24,24,seivas,1.15,10
25,25,seivas,0,0
26,26,seivas,1.75,95
27,27,seivas,0,0
28,28,seivas,1.75,95
29,29,seivas,0,0
19,19,neljasataa,77.4,24
20,20,neljasataa,59.7,423
21,21,neljasataa,0,0
22,22,neljasataa,0,0
23,23,neljasataa,67.4,196
24,24,neljasataa,64.3,279
25,25,neljasataa,65.4,248
26,26,neljasataa,60.5,396
27,27,neljasataa,76.1,38
28,28,neljasataa,59.5,430
29,29,neljasataa,61.7,357
19,19,kiekko,17.6,227
20,20,kiekko,24.3,354
21,21,kiekko,22.2,314
22,22,kiekko,20.1,274
23,23,kiekko,19.7,266
24,24,kiekko,17.7,229
25,25,kiekko,21.5,300
26,26,kiekko,19.6,265
27,27,kiekko,17.4,224
28,28,kiekko,23.8,344
29,29,kiekko,24.5,357
19,19,keihas,28.13,273
20,20,keihas,31.09,315
21,21,keihas,25.87,242
22,22,keihas,33.33,346
23,23,keihas,35.49,377
24,24,keihas,35.3,374
25,25,keihas,29.84,297
26,26,keihas,29.08,286
27,27,keihas,29,285
28,28,keihas,30.38,305
29,29,keihas,15.33,100
19,19,tuhatviisisataa,0,0
20,20,tuhatviisisataa,299,565
21,21,tuhatviisisataa,0,0
22,22,tuhatviisisataa,0,0
23,23,tuhatviisisataa,355,285
24,24,tuhatviisisataa,370,225
25,25,tuhatviisisataa,359,268
26,26,tuhatviisisataa,332,390
27,27,tuhatviisisataa,419,75
28,28,tuhatviisisataa,321,445
29,29,tuhatviisisataa,327,414
30,30,aidat,0,0
31,31,aidat,21.2,261
32,32,aidat,23,151
33,33,aidat,27.3,8
34,34,aidat,0,0
35,35,aidat,25.2,56
36,36,aidat,20.5,311
37,37,aidat,21.3,254
38,38,aidat,20.8,289
39,39,aidat,22.5,179
40,40,aidat,18.6,468
41,41,aidat,20.9,282
30,30,pituus,2.47,14
31,31,pituus,4.77,339
32,32,pituus,2.62,26
33,33,pituus,4.11,224
34,34,pituus,4.04,212
35,35,pituus,4.92,367
36,36,pituus,5.02,386
37,37,pituus,4.57,303
38,38,pituus,5.05,392
39,39,pituus,4.57,303
40,40,pituus,5.75,533
41,41,pituus,4.72,330
30,30,kuula,7,307
31,31,kuula,8.21,379
32,32,kuula,7.51,337
33,33,kuula,8.8,414
34,34,kuula,8.3,384
35,35,kuula,9.67,466
36,36,kuula,8.14,375
37,37,kuula,8.87,418
38,38,kuula,8.32,385
39,39,kuula,8.04,369
40,40,kuula,10.42,511
41,41,kuula,7.26,323
30,30,satanen,0,0
31,31,satanen,13.3,418
32,32,satanen,0,0
33,33,satanen,14.8,208
34,34,satanen,15.7,114
35,35,satanen,16.1,81
36,36,satanen,13.2,434
37,37,satanen,13.4,402
38,38,satanen,13.2,434
39,39,satanen,14,312
40,40,satanen,12.2,612
41,41,satanen,13,468
30,30,korkeus,1.12,142
31,31,korkeus,1.52,404
32,32,korkeus,1.12,142
33,33,korkeus,1.42,331
34,34,korkeus,1.17,170
35,35,korkeus,1.42,331
36,36,korkeus,1.42,331
37,37,korkeus,1.27,231
38,38,korkeus,1.62,480
39,39,korkeus,1.27,231
40,40,korkeus,1.57,441
41,41,korkeus,1.22,200
30,30,seivas,0,0
31,31,seivas,1.41,42
32,32,seivas,0,0
33,33,seivas,1.41,42
34,34,seivas,0,0
35,35,seivas,0,0
36,36,seivas,1.41,42
37,37,seivas,1.16,11
38,38,seivas,2.21,181
39,39,seivas,0,0
40,40,seivas,2.21,181
41,41,seivas,2.21,181
30,30,neljasataa,0,0
31,31,neljasataa,58.6,462
32,32,neljasataa,0,0
33,33,neljasataa,85.2,0
34,34,neljasataa,82.4,0
35,35,neljasataa,0,0
36,36,neljasataa,64.2,281
37,37,neljasataa,65.8,237
38,38,neljasataa,60.8,386
39,39,neljasataa,75.7,43
40,40,neljasataa,59.6,427
41,41,neljasataa,62.1,344
30,30,kiekko,19,253
31,31,kiekko,26.65,399
32,32,kiekko,19.53,263
33,33,kiekko,22.66,322
34,34,kiekko,22.35,316
35,35,kiekko,20.32,278
36,36,kiekko,22.3,315
37,37,kiekko,20.58,283
38,38,kiekko,19.8,268
39,39,kiekko,16.64,210
40,40,kiekko,23.84,345
41,41,kiekko,20,272
30,30,keihas,25.53,237
31,31,keihas,35.2,373
32,32,keihas,31.3,318
33,33,keihas,28.12,273
34,34,keihas,35.3,374
35,35,keihas,39.76,439
36,36,keihas,35,370
37,37,keihas,33.55,349
38,38,keihas,27.02,257
39,39,keihas,28.27,275
40,40,keihas,43.95,500
41,41,keihas,30.06,300
30,30,tuhatviisisataa,0,0
31,31,tuhatviisisataa,278,693
32,32,tuhatviisisataa,0,0
33,33,tuhatviisisataa,455,14
34,34,tuhatviisisataa,0,0
35,35,tuhatviisisataa,0,0
36,36,tuhatviisisataa,359,268
37,37,tuhatviisisataa,340,351
38,38,tuhatviisisataa,331,394
39,39,tuhatviisisataa,421,71
40,40,tuhatviisisataa,330,399
41,41,tuhatviisisataa,337,366
42,42,aidat,24.2,94
43,43,aidat,21.1,267
44,44,aidat,21.2,261
45,45,aidat,25,63
46,46,aidat,28.5,0
47,47,aidat,21.4,247
48,48,aidat,20,349
49,49,aidat,21.3,254
50,50,aidat,21,274
51,51,aidat,18.5,477
52,52,aidat,20.6,303
42,42,pituus,4.09,220
43,43,pituus,4.93,369
44,44,pituus,4.49,288
45,45,pituus,4.08,219
46,46,pituus,3.72,162
47,47,pituus,4.56,301
48,48,pituus,4.57,303
49,49,pituus,4.34,262
50,50,pituus,4.67,321
51,51,pituus,5.58,498
52,52,pituus,5.08,398
42,42,kuula,7.56,340
43,43,kuula,8.42,391
44,44,kuula,8.59,401
45,45,kuula,8.73,410
46,46,kuula,8.18,377
47,47,kuula,9.38,448
48,48,kuula,8.36,388
49,49,kuula,9.64,464
50,50,kuula,7.63,344
51,51,kuula,9.81,474
52,52,kuula,8.36,388
42,42,satanen,15,185
43,43,satanen,13.2,434
44,44,satanen,13.5,387
45,45,satanen,15.3,153
46,46,satanen,15,185
47,47,satanen,13.5,387
48,48,satanen,13.2,434
49,49,satanen,14,312
50,50,satanen,13.7,356
51,51,satanen,12.8,502
52,52,satanen,12.9,485
42,42,korkeus,1.28,237
43,43,korkeus,1.28,237
44,44,korkeus,1.38,303
45,45,korkeus,1.33,270
46,46,korkeus,1.13,148
47,47,korkeus,1.43,338
48,48,korkeus,1.38,303
49,49,korkeus,1.28,237
50,50,korkeus,1.48,374
51,51,korkeus,1.43,338
52,52,korkeus,1.48,374
42,42,seivas,0,0
43,43,seivas,1.17,12
44,44,seivas,1.17,12
45,45,seivas,1.17,12
46,46,seivas,0,0
47,47,seivas,1.72,89
48,48,seivas,1.42,43
49,49,seivas,1.17,12
50,50,seivas,2.02,143
51,51,seivas,2.22,183
52,52,seivas,2.02,143
42,42,neljasataa,0,0
43,43,neljasataa,61.9,351
44,44,neljasataa,58.7,458
45,45,neljasataa,82,0
46,46,neljasataa,82,0
47,47,neljasataa,73.6,72
48,48,neljasataa,66.4,222
49,49,neljasataa,71.5,108
50,50,neljasataa,67.1,204
51,51,neljasataa,60.5,396
52,52,neljasataa,59.9,417
42,42,kiekko,18.81,250
43,43,kiekko,18.95,252
44,44,kiekko,23,329
45,45,kiekko,22.88,326
46,46,kiekko,21.71,304
47,47,kiekko,24.2,352
48,48,kiekko,19.97,271
49,49,kiekko,23.22,333
50,50,kiekko,17.87,232
51,51,kiekko,25.15,370
52,52,kiekko,19.68,266
42,42,keihas,24.65,225
43,43,keihas,29.68,295
44,44,keihas,32.5,335
45,45,keihas,25.56,237
46,46,keihas,27.92,270
47,47,keihas,37.22,402
48,48,keihas,31.15,315
49,49,keihas,36.23,388
50,50,keihas,25.07,230
51,51,keihas,40.42,448
52,52,keihas,32.45,334
42,42,tuhatviisisataa,412,92
43,43,tuhatviisisataa,328,409
44,44,tuhatviisisataa,274,719
45,45,tuhatviisisataa,440,34
46,46,tuhatviisisataa,480,0
47,47,tuhatviisisataa,344,333
48,48,tuhatviisisataa,385,171
49,49,tuhatviisisataa,375,206
50,50,tuhatviisisataa,389,158
51,51,tuhatviisisataa,336,370
52,52,tuhatviisisataa,325,424
53,53,aidat,22.9,156
54,54,aidat,0,0
55,55,aidat,20.8,289
56,56,aidat,27.8,2
57,57,aidat,0,0
58,58,aidat,20.5,311
59,59,aidat,20.1,341
60,60,aidat,20.7,296
61,61,aidat,20.2,334
62,62,aidat,24.6,78
63,63,aidat,20.6,303
64,64,aidat,19,432
65,65,aidat,21,274
53,53,pituus,4.42,276
54,54,pituus,2.19,0
55,55,pituus,4.72,330
56,56,pituus,3.9,190
57,57,pituus,3.22,93
58,58,pituus,5.11,404
59,59,pituus,4.77,339
60,60,pituus,4.68,323
61,61,pituus,5.17,415
62,62,pituus,4.33,261
63,63,pituus,4.78,341
64,64,pituus,5.6,502
65,65,pituus,5.41,463
53,53,kuula,7.12,314
54,54,kuula,7.41,331
55,55,kuula,8.43,392
56,56,kuula,8.14,375
57,57,kuula,8.02,367
58,58,kuula,9.14,434
59,59,kuula,7.97,365
60,60,kuula,8.83,416
61,61,kuula,8.58,401
62,62,kuula,8.3,384
63,63,kuula,8.87,418
64,64,kuula,9.8,474
65,65,kuula,7.8,354
53,53,satanen,14,312
54,54,satanen,0,0
55,55,satanen,13.3,418
56,56,satanen,15.6,124
57,57,satanen,15.4,143
58,58,satanen,13.1,451
59,59,satanen,13.8,341
60,60,satanen,13.5,387
61,61,satanen,13.1,451
62,62,satanen,14.6,233
63,63,satanen,13.3,418
64,64,satanen,12.9,485
65,65,satanen,12.8,502
53,53,korkeus,1.29,244
54,54,korkeus,0,0
55,55,korkeus,1.44,345
56,56,korkeus,1.29,244
57,57,korkeus,1.19,182
58,58,korkeus,1.39,310
59,59,korkeus,1.49,381
60,60,korkeus,1.29,244
61,61,korkeus,1.59,457
62,62,korkeus,1.19,182
63,63,korkeus,1.54,419
64,64,korkeus,1.49,381
65,65,korkeus,1.54,419
53,53,seivas,0,0
54,54,seivas,0,0
55,55,seivas,1.18,13
56,56,seivas,1.18,13
57,57,seivas,0,0
58,58,seivas,1.73,91
59,59,seivas,1.43,44
60,60,seivas,1.43,44
61,61,seivas,1.73,91
62,62,seivas,1.18,13
63,63,seivas,1.73,91
64,64,seivas,2.23,185
65,65,seivas,2.43,227
53,53,neljasataa,73.7,70
54,54,neljasataa,0,0
55,55,neljasataa,59.2,441
56,56,neljasataa,0,0
57,57,neljasataa,81.3,0
58,58,neljasataa,65.5,245
59,59,neljasataa,64,287
60,60,neljasataa,64.7,267
61,61,neljasataa,61.4,367
62,62,neljasataa,75.7,43
63,63,neljasataa,63,317
64,64,neljasataa,64.1,284
65,65,neljasataa,59.2,441
53,53,kiekko,19.6,265
54,54,kiekko,19.05,254
55,55,kiekko,21.65,303
56,56,kiekko,18.54,245
57,57,kiekko,19.59,264
58,58,kiekko,23.83,345
59,59,kiekko,20.48,281
60,60,kiekko,23.35,335
61,61,kiekko,20.78,287
62,62,kiekko,16.9,215
63,63,kiekko,25.41,375
64,64,kiekko,26.92,404
65,65,kiekko,17.59,227
53,53,keihas,27.55,265
54,54,keihas,25.78,240
55,55,keihas,35.15,372
56,56,keihas,20.1,163
57,57,keihas,30.25,303
58,58,keihas,36.8,396
59,59,keihas,32.2,330
60,60,keihas,32.5,335
61,61,keihas,25.95,243
62,62,keihas,28.5,278
63,63,keihas,31.58,322
64,64,keihas,39.42,434
65,65,keihas,23.35,207
53,53,tuhatviisisataa,703,116
54,54,tuhatviisisataa,0,0
55,55,tuhatviisisataa,286,643
56,56,tuhatviisisataa,0,0
57,57,tuhatviisisataa,0,0
58,58,tuhatviisisataa,348,315
59,59,tuhatviisisataa,354,289
60,60,tuhatviisisataa,338,361
61,61,tuhatviisisataa,327,414
62,62,tuhatviisisataa,444,28
63,63,tuhatviisisataa,324,429
64,64,tuhatviisisataa,367,236
65,65,tuhatviisisataa,0,0
66,66,aidat,24.5,82
67,67,aidat,21.2,261
68,68,aidat,21.3,254
69,69,aidat,0,0
70,70,aidat,0,0
71,71,aidat,20.5,311
72,72,aidat,27,12
73,73,aidat,21.3,254
74,74,aidat,20.8,289
75,75,aidat,24.3,90
76,76,aidat,18.4,486
77,77,aidat,20.9,282
66,66,pituus,4.08,219
67,67,pituus,4.94,371
68,68,pituus,4.53,295
69,69,pituus,3.59,143
70,70,pituus,3.73,164
71,71,pituus,5.03,388
72,72,pituus,4.16,232
73,73,pituus,4.51,292
74,74,pituus,5.06,394
75,75,pituus,4.11,224
76,76,pituus,5.54,490
77,77,pituus,5.31,443
66,66,kuula,7.34,327
67,67,kuula,7.9,360
68,68,kuula,8.26,382
69,69,kuula,8.25,381
70,70,kuula,8.22,379
71,71,kuula,8.93,422
72,72,kuula,7.86,358
73,73,kuula,9.06,429
74,74,kuula,8.33,386
75,75,kuula,7.83,356
76,76,kuula,10.39,509
77,77,kuula,7.98,365
66,66,satanen,14.7,220
67,67,satanen,13.5,387
68,68,satanen,13.7,356
69,69,satanen,16.4,59
70,70,satanen,15.7,114
71,71,satanen,13.3,418
72,72,satanen,0,0
73,73,satanen,13.8,341
74,74,satanen,13.2,434
75,75,satanen,14.6,233
76,76,satanen,12.5,556
77,77,satanen,12.6,538
66,66,korkeus,1.3,250
67,67,korkeus,1.3,250
68,68,korkeus,1.45,352
69,69,korkeus,1.3,250
70,70,korkeus,1.2,188
71,71,korkeus,1.45,352
72,72,korkeus,1.45,352
73,73,korkeus,1.25,218
74,74,korkeus,1.5,389
75,75,korkeus,1.3,250
76,76,korkeus,1.45,352
77,77,korkeus,1.55,426
66,66,seivas,1.19,14
67,67,seivas,1.19,14
68,68,seivas,1.19,14
69,69,seivas,1.44,46
70,70,seivas,0,0
71,71,seivas,1.74,93
72,72,seivas,1.74,93
73,73,seivas,1.19,14
74,74,seivas,1.74,93
75,75,seivas,1.19,14
76,76,seivas,2.04,147
77,77,seivas,2.04,147
66,66,neljasataa,75.2,49
67,67,neljasataa,61.8,354
68,68,neljasataa,60.4,400
69,69,neljasataa,0,0
70,70,neljasataa,87.1,0
71,71,neljasataa,67.2,201
72,72,neljasataa,0,0
73,73,neljasataa,67.4,196
74,74,neljasataa,62.5,332
75,75,neljasataa,75.8,41
76,76,neljasataa,63.5,302
77,77,neljasataa,60,413
66,66,kiekko,17.82,231
67,67,kiekko,19.47,262
68,68,kiekko,24.68,361
69,69,kiekko,21.39,298
70,70,kiekko,21.18,294
71,71,kiekko,22.68,323
72,72,kiekko,20.63,284
73,73,kiekko,24.76,362
74,74,kiekko,20.4,280
75,75,kiekko,19.1,255
76,76,kiekko,28.44,434
77,77,kiekko,20.14,275
66,66,keihas,27.48,264
67,67,keihas,29.78,296
68,68,keihas,29,285
69,69,keihas,24.7,225
70,70,keihas,28.7,281
71,71,keihas,36.85,397
72,72,keihas,33.4,347
73,73,keihas,33.3,346
74,74,keihas,29.55,293
75,75,keihas,31.25,317
76,76,keihas,42.7,481
77,77,keihas,33.76,352
66,66,tuhatviisisataa,410,97
67,67,tuhatviisisataa,324.1,429
68,68,tuhatviisisataa,282.2,667
69,69,tuhatviisisataa,0,0
70,70,tuhatviisisataa,0,0
71,71,tuhatviisisataa,363,252
72,72,tuhatviisisataa,0,0
73,73,tuhatviisisataa,363.7,249
74,74,tuhatviisisataa,345,329
75,75,tuhatviisisataa,452,17
76,76,tuhatviisisataa,380,188
77,77,tuhatviisisataa,325.2,423
78,78,aidat,0,0
79,79,aidat,0,0
80,80,aidat,20.3,326
81,81,aidat,22.2,196
82,82,aidat,0,0
83,83,aidat,0,0
84,84,aidat,20.7,296
85,85,aidat,20.8,289
86,86,aidat,21.2,261
87,87,aidat,22.1,202
88,88,aidat,0,0
89,89,aidat,0,0
90,90,aidat,18.9,441
91,91,aidat,20.9,282
78,78,pituus,3.21,91
79,79,pituus,0,0
80,80,pituus,4.8,345
81,81,pituus,4.3,255
82,82,pituus,3.91,191
83,83,pituus,2.71,35
84,84,pituus,4.9,363
85,85,pituus,4.18,235
86,86,pituus,4.37,267
87,87,pituus,5.06,394
88,88,pituus,3.46,125
89,89,pituus,4.28,252
90,90,pituus,5.3,441
91,91,pituus,4.83,350
78,78,kuula,6.85,298
79,79,kuula,8.21,379
80,80,kuula,7.87,359
81,81,kuula,8.1,372
82,82,kuula,8.61,403
83,83,kuula,7.54,339
84,84,kuula,7.88,359
85,85,kuula,8.26,382
86,86,kuula,8.93,422
87,87,kuula,8.24,381
88,88,kuula,7.14,316
89,89,kuula,8.6,402
90,90,kuula,9.99,485
91,91,kuula,7.48,336
78,78,satanen,21.5,0
79,79,satanen,0,0
80,80,satanen,13.3,418
81,81,satanen,14,312
82,82,satanen,0,0
83,83,satanen,20.5,0
84,84,satanen,13.8,341
85,85,satanen,14.4,258
86,86,satanen,13.9,327
87,87,satanen,13,468
88,88,satanen,21.5,0
89,89,satanen,14.7,220
90,90,satanen,12.3,593
91,91,satanen,13.1,451
78,78,korkeus,1.16,165
79,79,korkeus,0,0
80,80,korkeus,1.41,324
81,81,korkeus,1.41,324
82,82,korkeus,1.21,194
83,83,korkeus,1.11,137
84,84,korkeus,1.36,290
85,85,korkeus,1.46,360
86,86,korkeus,1.36,290
87,87,korkeus,1.68,528
88,88,korkeus,0,0
89,89,korkeus,1.46,360
90,90,korkeus,1.46,360
91,91,korkeus,1.46,360
78,78,seivas,0,0
79,79,seivas,0,0
80,80,seivas,1.2,15
81,81,seivas,1.2,15
82,82,seivas,1.2,15
83,83,seivas,0,0
84,84,seivas,1.8,103
85,85,seivas,2,140
86,86,seivas,1.4,40
87,87,seivas,2,140
88,88,seivas,0,0
89,89,seivas,1.6,70
90,90,seivas,2,140
91,91,seivas,2,140
78,78,neljasataa,0,0
79,79,neljasataa,0,0
80,80,neljasataa,60.7,390
81,81,neljasataa,60.3,403
82,82,neljasataa,0,0
83,83,neljasataa,0,0
84,84,neljasataa,66.8,211
85,85,neljasataa,69.1,157
86,86,neljasataa,67.9,184
87,87,neljasataa,59.9,417
88,88,neljasataa,0,0
89,89,neljasataa,65.7,240
90,90,neljasataa,60,413
91,91,neljasataa,66.4,222
78,78,kiekko,16.53,208
79,79,kiekko,0,0
80,80,kiekko,21.44,299
81,81,kiekko,23.57,340
82,82,kiekko,22.68,323
83,83,kiekko,20.25,277
84,84,kiekko,22.11,312
85,85,kiekko,20.08,274
86,86,kiekko,26.42,395
87,87,kiekko,22.47,319
88,88,kiekko,18.74,249
89,89,kiekko,24.16,351
90,90,kiekko,24.76,362
91,91,kiekko,21.05,292
78,78,keihas,23.75,212
79,79,keihas,0,0
80,80,keihas,31.44,320
81,81,keihas,32.82,339
82,82,keihas,24.05,216
83,83,keihas,28.58,279
84,84,keihas,34.13,358
85,85,keihas,26.7,253
86,86,keihas,31.07,314
87,87,keihas,26.97,257
88,88,keihas,27.76,268
89,89,keihas,29.6,294
90,90,keihas,42.67,481
91,91,keihas,37,399
78,78,tuhatviisisataa,0,0
79,79,tuhatviisisataa,0,0
80,80,tuhatviisisataa,352,298
81,81,tuhatviisisataa,293,601
82,82,tuhatviisisataa,0,0
83,83,tuhatviisisataa,0,0
84,84,tuhatviisisataa,381,185
85,85,tuhatviisisataa,390,155
86,86,tuhatviisisataa,372,217
87,87,tuhatviisisataa,331,394
88,88,tuhatviisisataa,0,0
89,89,tuhatviisisataa,330,399
90,90,tuhatviisisataa,363,252
91,91,tuhatviisisataa,334,380
92,92,aidat,0,0
93,93,aidat,20.2,334
94,94,aidat,21.8,221
95,95,aidat,0,0
96,96,aidat,0,0
97,97,aidat,21,274
98,98,aidat,19.9,357
99,99,aidat,22.4,184
100,100,aidat,21.4,247
101,101,aidat,0,0
102,102,aidat,18.8,450
103,103,aidat,20.9,282
92,92,pituus,3.45,123
93,93,pituus,4.99,380
94,94,pituus,4.65,317
95,95,pituus,3.75,167
96,96,pituus,3.82,177
97,97,pituus,5.2,421
98,98,pituus,4.73,332
99,99,pituus,4.57,303
100,100,pituus,4.99,380
101,101,pituus,0,0
102,102,pituus,5.56,494
103,103,pituus,5.15,411
92,92,kuula,6.85,298
93,93,kuula,8.07,370
94,94,kuula,8.03,368
95,95,kuula,8.75,411
96,96,kuula,8.28,383
97,97,kuula,8.55,399
98,98,kuula,8.06,370
99,99,kuula,9.29,443
100,100,kuula,8.44,392
101,101,kuula,0,0
102,102,kuula,10.46,513
103,103,kuula,7.29,324
92,92,satanen,0,0
93,93,satanen,14,312
94,94,satanen,13.7,356
95,95,satanen,0,0
96,96,satanen,15.6,124
97,97,satanen,13.7,356
98,98,satanen,13.8,341
99,99,satanen,13.9,327
100,100,satanen,13,468
101,101,satanen,0,0
102,102,satanen,12.6,538
103,103,satanen,13,468
92,92,korkeus,1.27,231
93,93,korkeus,1.37,297
94,94,korkeus,1.47,367
95,95,korkeus,1.27,231
96,96,korkeus,1.32,263
97,97,korkeus,1.47,367
98,98,korkeus,1.42,331
99,99,korkeus,1.32,263
100,100,korkeus,1.57,441
101,101,korkeus,0,0
102,102,korkeus,1.52,404
103,103,korkeus,1.52,404
92,92,seivas,0,0
93,93,seivas,1.21,17
94,94,seivas,1.21,17
95,95,seivas,1.21,17
96,96,seivas,0,0
97,97,seivas,1.61,71
98,98,seivas,2.01,142
99,99,seivas,1.21,17
100,100,seivas,2.31,201
101,101,seivas,0,0
102,102,seivas,2.01,142
103,103,seivas,2.01,142
92,92,neljasataa,0,0
93,93,neljasataa,61.2,373
94,94,neljasataa,59.2,441
95,95,neljasataa,0,0
96,96,neljasataa,0,0
97,97,neljasataa,72,99
98,98,neljasataa,65,259
99,99,neljasataa,67.2,201
100,100,neljasataa,60.2,406
101,101,neljasataa,0,0
102,102,neljasataa,60.5,396
103,103,neljasataa,63.9,290
92,92,kiekko,15.72,193
93,93,kiekko,19.58,264
94,94,kiekko,23.74,343
95,95,kiekko,23.33,335
96,96,kiekko,19.74,267
97,97,kiekko,18.78,249
98,98,kiekko,19.34,260
99,99,kiekko,24.63,360
100,100,kiekko,23.12,331
101,101,kiekko,16.58,209
102,102,kiekko,22.84,326
103,103,kiekko,21.43,299
92,92,keihas,27.43,263
93,93,keihas,28.3,275
94,94,keihas,31.19,316
95,95,keihas,25.1,231
96,96,keihas,29.69,295
97,97,keihas,28.19,274
98,98,keihas,32.6,336
99,99,keihas,29.18,288
100,100,keihas,28.4,277
101,101,keihas,28.94,284
102,102,keihas,47.83,557
103,103,keihas,34.32,360
92,92,tuhatviisisataa,0,0
93,93,tuhatviisisataa,339,356
94,94,tuhatviisisataa,282,668
95,95,tuhatviisisataa,0,0
96,96,tuhatviisisataa,0,0
97,97,tuhatviisisataa,367,236
98,98,tuhatviisisataa,362,256
99,99,tuhatviisisataa,356,281
100,100,tuhatviisisataa,333,385
101,101,tuhatviisisataa,0,0
102,102,tuhatviisisataa,354,289
103,103,tuhatviisisataa,361,260
104,104,aidat,20.8,289
105,105,aidat,21.6,234
106,106,aidat,32.5,0
107,107,aidat,0,0
108,108,aidat,21.3,254
109,109,aidat,20.7,296
110,110,aidat,21.8,221
111,111,aidat,20.8,289
112,112,aidat,24,103
113,113,aidat,22.1,202
114,114,aidat,18.1,515
115,115,aidat,21,274
104,104,pituus,4.95,373
105,105,pituus,4.19,237
106,106,pituus,3.6,145
107,107,pituus,3.54,136
108,108,pituus,4.7,326
109,109,pituus,4.44,280
110,110,pituus,4.48,287
111,111,pituus,5.1,402
112,112,pituus,4.18,235
113,113,pituus,4.32,259
114,114,pituus,5.71,525
115,115,pituus,4.8,345
104,104,kuula,8.13,374
105,105,kuula,8.44,392
106,106,kuula,7.75,352
107,107,kuula,8.32,385
108,108,kuula,8.72,409
109,109,kuula,7.7,349
110,110,kuula,9.05,429
111,111,kuula,8.39,389
112,112,kuula,7.8,354
113,113,kuula,8.68,407
114,114,kuula,10.74,530
115,115,kuula,7.42,332
104,104,satanen,13.4,402
105,105,satanen,13.9,327
106,106,satanen,17,25
107,107,satanen,15.3,153
108,108,satanen,14.3,271
109,109,satanen,14.1,298
110,110,satanen,13.6,371
111,111,satanen,12.8,502
112,112,satanen,14.3,271
113,113,satanen,13.7,356
114,114,satanen,12.1,631
115,115,satanen,12.7,520
104,104,korkeus,1.38,303
105,105,korkeus,1.43,338
106,106,korkeus,1.13,148
107,107,korkeus,1.33,270
108,108,korkeus,1.43,338
109,109,korkeus,1.38,303
110,110,korkeus,1.28,237
111,111,korkeus,1.58,449
112,112,korkeus,1.28,237
113,113,korkeus,1.43,338
114,114,korkeus,1.63,488
115,115,korkeus,1.43,338
104,104,seivas,1.22,18
105,105,seivas,1.22,18
106,106,seivas,0,0
107,107,seivas,0,0
108,108,seivas,1.42,43
109,109,seivas,2.02,143
110,110,seivas,1.22,18
111,111,seivas,2.02,143
112,112,seivas,1.22,18
113,113,seivas,1.82,107
114,114,seivas,2.02,143
115,115,seivas,2.02,143
104,104,neljasataa,62,348
105,105,neljasataa,61.2,373
106,106,neljasataa,103.2,0
107,107,neljasataa,87.3,0
108,108,neljasataa,81.1,1
109,109,neljasataa,66.5,219
110,110,neljasataa,65.7,240
111,111,neljasataa,59.7,423
112,112,neljasataa,77.6,22
113,113,neljasataa,65.9,235
114,114,neljasataa,61.6,360
115,115,neljasataa,64.3,279
104,104,kiekko,20.4,280
105,105,kiekko,19.7,266
106,106,kiekko,18.5,244
107,107,kiekko,19.96,271
108,108,kiekko,20.4,280
109,109,kiekko,18.55,245
110,110,kiekko,25.36,374
111,111,kiekko,21.66,303
112,112,kiekko,18.15,238
113,113,kiekko,24.5,357
114,114,kiekko,24.1,350
115,115,kiekko,19.44,262
104,104,keihas,29.9,298
105,105,keihas,34.85,368
106,106,keihas,24.04,216
107,107,keihas,26.3,247
108,108,keihas,29.52,292
109,109,keihas,34.46,362
110,110,keihas,31.7,323
111,111,keihas,30,299
112,112,keihas,27.4,263
113,113,keihas,23.6,210
114,114,keihas,49.62,583
115,115,keihas,33.5,349
104,104,tuhatviisisataa,343,338
105,105,tuhatviisisataa,295,589
106,106,tuhatviisisataa,0,0
107,107,tuhatviisisataa,0,0
108,108,tuhatviisisataa,0,0
109,109,tuhatviisisataa,401,122
110,110,tuhatviisisataa,0,0
111,111,tuhatviisisataa,322,440
112,112,tuhatviisisataa,477,0
113,113,tuhatviisisataa,343,338
114,114,tuhatviisisataa,359,268
115,115,tuhatviisisataa,342,342
116,116,aidat,0,0
117,117,aidat,20.8,289
118,118,aidat,21.5,240
119,119,aidat,0,0
120,120,aidat,0,0
121,121,aidat,24.8,70
122,122,aidat,20.8,289
123,123,aidat,20.7,296
124,124,aidat,21,274
125,125,aidat,0,0
126,126,aidat,18.5,477
116,116,pituus,0,0
117,117,pituus,4.98,378
118,118,pituus,4.46,283
119,119,pituus,3.21,91
120,120,pituus,3.4,116
121,121,pituus,4.32,259
122,122,pituus,4.6,308
123,123,pituus,4.62,312
124,124,pituus,5.21,423
125,125,pituus,4.02,209
126,126,pituus,5.45,471
116,116,kuula,0,0
117,117,kuula,7.95,363
118,118,kuula,8.66,406
119,119,kuula,6.52,279
120,120,kuula,8.09,372
121,121,kuula,7.4,331
122,122,kuula,7.63,344
123,123,kuula,9.43,451
124,124,kuula,8.8,414
125,125,kuula,7.71,349
126,126,kuula,10.9,540
116,116,satanen,0,0
117,117,satanen,13.8,341
118,118,satanen,14,312
119,119,satanen,0,0
120,120,satanen,15.7,114
121,121,satanen,14.8,208
122,122,satanen,14.1,298
123,123,satanen,13.5,387
124,124,satanen,17.2,16
125,125,satanen,15.3,153
126,126,satanen,12.5,556
116,116,korkeus,0,0
117,117,korkeus,1.39,310
118,118,korkeus,1.44,345
119,119,korkeus,1.09,126
120,120,korkeus,1.34,276
121,121,korkeus,1.34,276
122,122,korkeus,1.24,212
123,123,korkeus,1.29,244
124,124,korkeus,1.54,419
125,125,korkeus,1.34,276
126,126,korkeus,1.49,381
116,116,seivas,0,0
117,117,seivas,1.23,19
118,118,seivas,0,0
119,119,seivas,0,0
120,120,seivas,0,0
121,121,seivas,1.23,19
122,122,seivas,1.83,109
123,123,seivas,0,0
124,124,seivas,1.83,109
125,125,seivas,0,0
126,126,seivas,2.03,145
116,116,neljasataa,0,0
117,117,neljasataa,64.5,273
118,118,neljasataa,60.3,403
119,119,neljasataa,0,0
120,120,neljasataa,85.4,0
121,121,neljasataa,81.7,0
122,122,neljasataa,65.8,237
123,123,neljasataa,65.2,253
124,124,neljasataa,65.6,243
125,125,neljasataa,78.3,16
126,126,neljasataa,60.7,390
116,116,kiekko,17.6,227
117,117,kiekko,19.4,261
118,118,kiekko,22.55,320
119,119,kiekko,17.25,221
120,120,kiekko,18.8,250
121,121,kiekko,17.34,223
122,122,kiekko,19.4,261
123,123,kiekko,21.75,305
124,124,kiekko,22.2,314
125,125,kiekko,18.35,241
126,126,kiekko,29.09,447
116,116,keihas,0,0
117,117,keihas,28.12,273
118,118,keihas,33.06,342
119,119,keihas,18.68,144
120,120,keihas,29.96,299
121,121,keihas,31.51,321
122,122,keihas,26.1,245
123,123,keihas,31.34,318
124,124,keihas,29.34,290
125,125,keihas,31,313
126,126,keihas,47.18,547
116,116,tuhatviisisataa,0,0
117,117,tuhatviisisataa,336,370
118,118,tuhatviisisataa,286,643
119,119,tuhatviisisataa,0,0
120,120,tuhatviisisataa,0,0
121,121,tuhatviisisataa,456,13
122,122,tuhatviisisataa,456,13
123,123,tuhatviisisataa,339,356
124,124,tuhatviisisataa,322,440
125,125,tuhatviisisataa,469,3
126,126,tuhatviisisataa,393,145
127,127,aidat,0,0
128,128,aidat,0,0
129,129,aidat,0,0
130,130,aidat,21.6,234
131,131,aidat,0,0
132,132,aidat,0,0
133,133,aidat,22.9,156
134,134,aidat,20.2,334
135,135,aidat,20.7,296
136,136,aidat,20.4,318
137,137,aidat,27,12
138,138,aidat,18.4,486
139,139,aidat,21.7,227
127,127,pituus,0,0
128,128,pituus,1.92,0
129,129,pituus,4.29,254
130,130,pituus,4.54,297
131,131,pituus,0,0
132,132,pituus,3.57,140
133,133,pituus,2.46,13
134,134,pituus,4.5,290
135,135,pituus,4.53,295
136,136,pituus,5.28,437
137,137,pituus,4.18,235
138,138,pituus,5.7,523
139,139,pituus,4.61,310
127,127,kuula,7.53,339
128,128,kuula,7.54,339
129,129,kuula,7.86,358
130,130,kuula,8.18,377
131,131,kuula,6.75,293
132,132,kuula,8.48,395
133,133,kuula,8.19,378
134,134,kuula,7.88,359
135,135,kuula,9.07,430
136,136,kuula,8.56,400
137,137,kuula,7.2,319
138,138,kuula,10.25,501
139,139,kuula,7.43,333
127,127,satanen,0,0
128,128,satanen,0,0
129,129,satanen,14.3,271
130,130,satanen,13.8,341
131,131,satanen,0,0
132,132,satanen,15.3,153
133,133,satanen,14.4,258
134,134,satanen,13.8,341
135,135,satanen,13.6,371
136,136,satanen,13,468
137,137,satanen,14.8,208
138,138,satanen,12.4,574
139,139,satanen,13.5,387
127,127,korkeus,0,0
128,128,korkeus,0,0
129,129,korkeus,0,0
130,130,korkeus,1.4,317
131,131,korkeus,0,0
132,132,korkeus,1.25,218
133,133,korkeus,1.4,317
134,134,korkeus,1.4,317
135,135,korkeus,1.3,250
136,136,korkeus,1.55,426
137,137,korkeus,1.3,250
138,138,korkeus,1.55,426
139,139,korkeus,1.45,352
127,127,seivas,0,0
128,128,seivas,0,0
129,129,seivas,0,0
130,130,seivas,0,0
131,131,seivas,0,0
132,132,seivas,0,0
133,133,seivas,1.64,76
134,134,seivas,1.64,76
135,135,seivas,1.2,15
136,136,seivas,2.24,187
137,137,seivas,0,0
138,138,seivas,1.64,76
139,139,seivas,2.04,147
127,127,neljasataa,0,0
128,128,neljasataa,0,0
129,129,neljasataa,66,232
130,130,neljasataa,61.6,360
131,131,neljasataa,0,0
132,132,neljasataa,0,0
133,133,neljasataa,71.3,112
134,134,neljasataa,64.2,281
135,135,neljasataa,68.2,177
136,136,neljasataa,59.5,430
137,137,neljasataa,79.5,8
138,138,neljasataa,61,380
139,139,neljasataa,67.6,192
127,127,kiekko,0,0
128,128,kiekko,16.3,204
129,129,kiekko,21.34,297
130,130,kiekko,22,310
131,131,kiekko,17.47,225
132,132,kiekko,20.89,289
133,133,kiekko,18.5,244
134,134,kiekko,21.62,303
135,135,kiekko,23.83,345
136,136,kiekko,21.18,294
137,137,kiekko,17.35,223
138,138,kiekko,25.29,373
139,139,kiekko,19.65,266
127,127,keihas,0,0
128,128,keihas,28.24,275
129,129,keihas,26.06,244
130,130,keihas,32.63,336
131,131,keihas,20.9,173
132,132,keihas,29.72,295
133,133,keihas,30.1,301
134,134,keihas,31.17,316
135,135,keihas,32.3,332
136,136,keihas,30.5,306
137,137,keihas,28.2,274
138,138,keihas,42.9,484
139,139,keihas,32.03,328
127,127,tuhatviisisataa,0,0
128,128,tuhatviisisataa,0,0
129,129,tuhatviisisataa,363,252
130,130,tuhatviisisataa,293,601
131,131,tuhatviisisataa,0,0
132,132,tuhatviisisataa,0,0
133,133,tuhatviisisataa,385,171
134,134,tuhatviisisataa,348,315
135,135,tuhatviisisataa,345,329
136,136,tuhatviisisataa,305,531
137,137,tuhatviisisataa,0,0
138,138,tuhatviisisataa,368,232
139,139,tuhatviisisataa,378,195
140,140,aidat,21.1,267
141,141,aidat,21.7,227
142,142,aidat,0,0
143,143,aidat,0,0
144,144,aidat,0,0
145,145,aidat,20.1,341
146,146,aidat,20.9,282
147,147,aidat,20.3,326
148,148,aidat,0,0
149,149,aidat,18.5,477
150,150,aidat,22.1,202
140,140,pituus,4.79,343
141,141,pituus,4.38,269
142,142,pituus,2.52,18
143,143,pituus,4.14,229
144,144,pituus,0,0
145,145,pituus,4.8,345
146,146,pituus,4.42,276
147,147,pituus,4.87,358
148,148,pituus,3.81,176
149,149,pituus,5.61,504
150,150,pituus,4.83,350
140,140,kuula,8.1,372
141,141,kuula,8.5,396
142,142,kuula,6.04,251
143,143,kuula,8.65,405
144,144,kuula,0,0
145,145,kuula,7.91,361
146,146,kuula,9.42,451
147,147,kuula,8.71,408
148,148,kuula,7.25,322
149,149,kuula,10.25,501
150,150,kuula,7.55,340
140,140,satanen,13.7,356
141,141,satanen,13.7,356
142,142,satanen,0,0
143,143,satanen,15.4,143
144,144,satanen,0,0
145,145,satanen,13.4,402
146,146,satanen,13.5,387
147,147,satanen,13.2,434
148,148,satanen,15.3,153
149,149,satanen,12.4,574
150,150,satanen,13.4,402
140,140,korkeus,1.21,194
141,141,korkeus,1.41,324
142,142,korkeus,1.01,86
143,143,korkeus,1.26,225
144,144,korkeus,0,0
145,145,korkeus,1.41,324
146,146,korkeus,1.21,194
147,147,korkeus,1.51,396
148,148,korkeus,1.21,194
149,149,korkeus,1.46,360
150,150,korkeus,1.46,360
140,140,seivas,1.25,21
141,141,seivas,1.25,21
142,142,seivas,0,0
143,143,seivas,0,0
144,144,seivas,0,0
145,145,seivas,1.65,78
146,146,seivas,1.25,21
147,147,seivas,2.05,149
148,148,seivas,0,0
149,149,seivas,1.65,78
150,150,seivas,2.05,149
140,140,neljasataa,63.2,311
141,141,neljasataa,61.1,377
142,142,neljasataa,0,0
143,143,neljasataa,0,0
144,144,neljasataa,0,0
145,145,neljasataa,65.4,248
146,146,neljasataa,69.2,155
147,147,neljasataa,60.1,410
148,148,neljasataa,79.2,9
149,149,neljasataa,62.4,335
150,150,neljasataa,68,182
140,140,kiekko,20.7,285
141,141,kiekko,22.15,313
142,142,kiekko,14.9,178
143,143,kiekko,19.07,255
144,144,kiekko,0,0
145,145,kiekko,20.1,274
146,146,kiekko,25.25,372
147,147,kiekko,21.3,297
148,148,kiekko,19.27,258
149,149,kiekko,26.03,387
150,150,kiekko,20.08,274
140,140,keihas,29.02,285
141,141,keihas,28.76,282
142,142,keihas,15.8,106
143,143,keihas,30.43,305
144,144,keihas,0,0
145,145,keihas,31.31,318
146,146,keihas,31.41,319
147,147,keihas,27.6,266
148,148,keihas,29,285
149,149,keihas,40.82,454
150,150,keihas,32.19,330
140,140,tuhatviisisataa,353,293
141,141,tuhatviisisataa,297,577
142,142,tuhatviisisataa,0,0
143,143,tuhatviisisataa,0,0
144,144,tuhatviisisataa,0,0
145,145,tuhatviisisataa,382,181
146,146,tuhatviisisataa,381,185
147,147,tuhatviisisataa,317,466
148,148,tuhatviisisataa,0,0
149,149,tuhatviisisataa,378,195
150,150,tuhatviisisataa,391,152
151,151,aidat,22.5,179
152,152,aidat,22,208
153,153,aidat,22.6,173
154,154,aidat,23.9,107
155,155,aidat,0,0
156,156,aidat,0,0
157,157,aidat,0,0
158,158,aidat,21.6,234
159,159,aidat,21.4,247
160,160,aidat,23,151
161,161,aidat,0,0
162,162,aidat,21.6,234
151,151,pituus,4.65,317
152,152,pituus,4.18,235
153,153,pituus,4.16,232
154,154,pituus,4.24,245
155,155,pituus,1.88,0
156,156,pituus,3.75,167
157,157,pituus,0,0
158,158,pituus,4.33,261
159,159,pituus,4.78,341
160,160,pituus,3.97,201
161,161,pituus,2.98,63
162,162,pituus,4.37,267
151,151,kuula,7.77,353
152,152,kuula,7.91,361
153,153,kuula,7.62,344
154,154,kuula,7.32,326
155,155,kuula,6.79,295
156,156,kuula,8.41,391
157,157,kuula,0,0
158,158,kuula,9.41,450
159,159,kuula,8.45,393
160,160,kuula,8.68,407
161,161,kuula,8.78,413
162,162,kuula,7.28,324
151,151,satanen,0,0
152,152,satanen,13.9,327
153,153,satanen,14.3,271
154,154,satanen,14.8,208
155,155,satanen,0,0
156,156,satanen,16.2,73
157,157,satanen,0,0
158,158,satanen,13.8,341
159,159,satanen,13.5,387
160,160,satanen,14.3,271
161,161,satanen,0,0
162,162,satanen,13.7,356
151,151,korkeus,1.32,263
152,152,korkeus,1.22,200
153,153,korkeus,1.42,331
154,154,korkeus,1.27,231
155,155,korkeus,0,0
156,156,korkeus,1.27,231
157,157,korkeus,0,0
158,158,korkeus,1.27,231
159,159,korkeus,1.52,404
160,160,korkeus,1.37,297
161,161,korkeus,1.12,142
162,162,korkeus,1.32,263
151,151,seivas,0,0
152,152,seivas,0,0
153,153,seivas,0,0
154,154,seivas,1.26,22
155,155,seivas,0,0
156,156,seivas,0,0
157,157,seivas,1.66,79
158,158,seivas,0,0
159,159,seivas,2.26,191
160,160,seivas,1.66,79
161,161,seivas,0,0
162,162,seivas,0,0
151,151,neljasataa,0,0
152,152,neljasataa,68,182
153,153,neljasataa,63.5,302
154,154,neljasataa,72.7,87
155,155,neljasataa,0,0
156,156,neljasataa,0,0
157,157,neljasataa,0,0
158,158,neljasataa,69.2,155
159,159,neljasataa,61,380
160,160,neljasataa,67.5,194
161,161,neljasataa,0,0
162,162,neljasataa,0,0
151,151,kiekko,17.25,221
152,152,kiekko,19.9,270
153,153,kiekko,22.15,313
154,154,kiekko,18.2,239
155,155,kiekko,16.4,205
156,156,kiekko,19.95,271
157,157,kiekko,15.2,184
158,158,kiekko,23.94,347
159,159,kiekko,20.82,287
160,160,kiekko,23.58,340
161,161,kiekko,25.62,379
162,162,kiekko,19.22,257
151,151,keihas,26.8,254
152,152,keihas,27.53,265
153,153,keihas,30.8,310
154,154,keihas,29.7,295
155,155,keihas,17.9,133
156,156,keihas,30.74,310
157,157,keihas,0,0
158,158,keihas,28.9,284
159,159,keihas,27.28,261
160,160,keihas,24.5,223
161,161,keihas,35.8,382
162,162,keihas,31.27,317
151,151,tuhatviisisataa,0,0
152,152,tuhatviisisataa,378,195
153,153,tuhatviisisataa,302.2,547
154,154,tuhatviisisataa,394.8,140
155,155,tuhatviisisataa,0,0
156,156,tuhatviisisataa,0,0
157,157,tuhatviisisataa,0,0
158,158,tuhatviisisataa,363.4,250
159,159,tuhatviisisataa,317.8,462
160,160,tuhatviisisataa,340,351
161,161,tuhatviisisataa,0,0
162,162,tuhatviisisataa,0,0
163,163,aidat,21.1,267
164,164,aidat,22.4,184
165,165,aidat,0,0
166,166,aidat,0,0
167,167,aidat,29.7,0
168,168,aidat,19.6,381
169,169,aidat,21.7,227
170,170,aidat,21.2,261
171,171,aidat,23.8,112
172,172,aidat,18.9,441
173,173,aidat,21.6,234
163,163,pituus,4.92,367
164,164,pituus,4.37,267
165,165,pituus,2.4,9
166,166,pituus,3.45,123
167,167,pituus,2.9,54
168,168,pituus,4.87,358
169,169,pituus,4.37,267
170,170,pituus,4.83,350
171,171,pituus,3.99,204
172,172,pituus,5.36,453
173,173,pituus,4.75,335
163,163,kuula,7.85,357
164,164,kuula,8.12,373
165,165,kuula,6.66,287
166,166,kuula,8.48,395
167,167,kuula,6.83,297
168,168,kuula,7.83,356
169,169,kuula,8.68,407
170,170,kuula,8.1,372
171,171,kuula,8.26,382
172,172,kuula,9.83,475
173,173,kuula,7.42,332
163,163,satanen,13.6,371
164,164,satanen,14,312
165,165,satanen,0,0
166,166,satanen,15.7,114
167,167,satanen,15.6,124
168,168,satanen,13.5,387
169,169,satanen,14.2,284
170,170,satanen,13.5,387
171,171,satanen,13.9,327
172,172,satanen,13.1,451
173,173,satanen,13.2,434
163,163,korkeus,1.33,270
164,164,korkeus,1.43,338
165,165,korkeus,1.13,148
166,166,korkeus,1.28,237
167,167,korkeus,1.28,237
168,168,korkeus,1.43,338
169,169,korkeus,1.33,270
170,170,korkeus,1.48,374
171,171,korkeus,1.38,303
172,172,korkeus,1.43,338
173,173,korkeus,1.33,270
163,163,seivas,0,0
164,164,seivas,0,0
165,165,seivas,0,0
166,166,seivas,0,0
167,167,seivas,1.27,23
168,168,seivas,2.07,153
169,169,seivas,1.27,23
170,170,seivas,2.07,153
171,171,seivas,1.67,81
172,172,seivas,1.27,23
173,173,seivas,2.27,193
163,163,neljasataa,63.1,314
164,164,neljasataa,62.4,335
165,165,neljasataa,0,0
166,166,neljasataa,0,0
167,167,neljasataa,90.4,0
168,168,neljasataa,63.4,305
169,169,neljasataa,73.2,78
170,170,neljasataa,62.4,335
171,171,neljasataa,64.2,281
172,172,neljasataa,66.5,219
173,173,neljasataa,62.1,344
163,163,kiekko,19.67,266
164,164,kiekko,23.4,336
165,165,kiekko,17.76,230
166,166,kiekko,19,253
167,167,kiekko,14.82,177
168,168,kiekko,21.9,308
169,169,kiekko,19.08,255
170,170,kiekko,19.98,272
171,171,kiekko,23.13,331
172,172,kiekko,24.7,361
173,173,kiekko,19,253
163,163,keihas,29.9,298
164,164,keihas,32.06,328
165,165,keihas,19.47,154
166,166,keihas,27.28,261
167,167,keihas,24.35,221
168,168,keihas,28.23,274
169,169,keihas,26.53,251
170,170,keihas,28.41,277
171,171,keihas,22.78,199
172,172,keihas,41.25,460
173,173,keihas,31.65,322
163,163,tuhatviisisataa,354,289
164,164,tuhatviisisataa,308,515
165,165,tuhatviisisataa,0,0
166,166,tuhatviisisataa,0,0
167,167,tuhatviisisataa,430,52
168,168,tuhatviisisataa,331,394
169,169,tuhatviisisataa,400,124
170,170,tuhatviisisataa,323,435
171,171,tuhatviisisataa,338,361
172,172,tuhatviisisataa,398,130
173,173,tuhatviisisataa,362,256
174,174,aidat,20.7,296
175,175,aidat,22.8,163
176,176,aidat,0,0
177,177,aidat,0,0
178,178,aidat,0,0
179,179,aidat,21.4,248
180,180,aidat,20.7,296
181,181,aidat,0,0
182,182,aidat,0,0
183,183,aidat,18.7,458
184,184,aidat,20.9,282
174,174,pituus,4.82,348
175,175,pituus,4.3,256
176,176,pituus,0,0
177,177,pituus,3.75,166
178,178,pituus,3.71,161
179,179,pituus,4.36,266
180,180,pituus,4.99,381
181,181,pituus,0,0
182,182,pituus,3.25,96
183,183,pituus,5.45,471
184,184,pituus,4.67,321
174,174,kuula,8.27,380
175,175,kuula,8.55,396
176,176,kuula,7.03,307
177,177,kuula,7.92,359
178,178,kuula,7.23,319
179,179,kuula,8.83,413
180,180,kuula,8.61,400
181,181,kuula,8.03,365
182,182,kuula,0,0
183,183,kuula,10.66,522
184,184,kuula,7.76,350
174,174,satanen,14,310
175,175,satanen,14.3,270
176,176,satanen,0,0
177,177,satanen,15.4,143
178,178,satanen,16.7,42
179,179,satanen,13.9,324
180,180,satanen,13.7,353
181,181,satanen,0,0
182,182,satanen,0,0
183,183,satanen,12.9,480
184,184,satanen,13.1,447
174,174,korkeus,1.12,141
175,175,korkeus,1.37,300
176,176,korkeus,0,0
177,177,korkeus,1.32,265
178,178,korkeus,0,0
179,179,korkeus,1.32,265
180,180,korkeus,1.58,449
181,181,korkeus,1.32,265
182,182,korkeus,0,0
183,183,korkeus,1.37,300
184,184,korkeus,1.17,170
174,174,seivas,1.1,6
175,175,seivas,1.1,6
176,176,seivas,0,0
177,177,seivas,0,0
178,178,seivas,0,0
179,179,seivas,1.3,27
180,180,seivas,2.11,162
181,181,seivas,0,0
182,182,seivas,0,0
183,183,seivas,1.71,87
184,184,seivas,1.1,6
174,174,neljasataa,70,138
175,175,neljasataa,62.4,336
176,176,neljasataa,0,0
177,177,neljasataa,0,0
178,178,neljasataa,0,0
179,179,neljasataa,66.1,229
180,180,neljasataa,59.5,431
181,181,neljasataa,0,0
182,182,neljasataa,0,0
183,183,neljasataa,64.5,273
184,184,neljasataa,0,0
174,174,kiekko,19.68,266
175,175,kiekko,21.49,300
176,176,kiekko,16.04,199
177,177,kiekko,17.95,234
178,178,kiekko,0,0
179,179,kiekko,21.64,303
180,180,kiekko,23.6,340
181,181,kiekko,16.61,209
182,182,kiekko,20.89,289
183,183,kiekko,28.1,427
184,184,kiekko,20.24,276
174,174,keihas,27.23,260
175,175,keihas,28.91,284
176,176,keihas,21.02,175
177,177,keihas,31.37,319
178,178,keihas,0,0
179,179,keihas,29.84,297
180,180,keihas,29.97,299
181,181,keihas,29.81,297
182,182,keihas,19.34,152
183,183,keihas,43.26,490
184,184,keihas,31.28,317
174,174,tuhatviisisataa,379.7,190
175,175,tuhatviisisataa,304.7,533
176,176,tuhatviisisataa,0,0
177,177,tuhatviisisataa,0,0
178,178,tuhatviisisataa,0,0
179,179,tuhatviisisataa,360.8,261
180,180,tuhatviisisataa,312.3,491
181,181,tuhatviisisataa,0,0
182,182,tuhatviisisataa,325.1,424
183,183,tuhatviisisataa,374.7,207
184,184,tuhatviisisataa,349.9,307
